"Rk","Player","Age","Team","conference","division","Pos","Pos_cat","G","GS","GS.","MP","FG","FGA","FG.","X3P","X3PA","X3P.","X2P","X2PA","X2P.","eFG.","FT","FTA","FT.","ORB","DRB","TRB","AST","STL","BLK","TOV","PF","PTS","Awards","all_star","rank_topbottom10"
1,"Tyrese Maxey",25,"PHI","East","Atlantic","PG","PG",57,57,1,2190,9.5,20.4,0.465,3.1,8.4,0.376,6.3,12,0.527,0.542,5.2,5.8,0.892,0.3,3.6,3.9,6.4,1.9,0.7,2.3,2.1,27.2,"AS",1,"Top 10"
2,"Amen Thompson",23,"HOU","West","Southwest","PG","PG",56,56,1,2073,6.5,12.7,0.51,0.3,1.6,0.194,6.1,11.1,0.556,0.522,3.6,4.5,0.782,2.7,4.6,7.3,5.1,1.5,0.6,2.5,2.1,16.8,"",0,"Top 10"
3,"Mikal Bridges",29,"NYK","East","Atlantic","SF","SF",59,59,1,2014,6.6,13.2,0.498,2.2,5.8,0.382,4.4,7.5,0.587,0.581,1.1,1.4,0.829,1.1,3.3,4.4,4.2,1.5,0.8,1.1,2.1,16.5,"",0,"Top 10"
4,"Kevin Durant",37,"HOU","West","Southwest","SF","SF",55,55,1,2011,9,17.8,0.508,2.3,5.8,0.402,6.7,12,0.559,0.573,5.3,6,0.886,0.6,4.8,5.3,4.5,0.8,0.9,3.1,2,25.7,"AS",1,"Top 10"
5,"Toumani Camara",25,"POR","West","Northwest","PF","PF",60,60,1,2008,5,11.5,0.436,2.7,7.6,0.362,2.3,3.9,0.581,0.555,1.3,1.9,0.692,1.8,3.9,5.7,2.8,1.1,0.5,2.1,3.3,14,"",0,"Top 10"
6,"Julius Randle",31,"MIN","West","Northwest","PF","PF",60,60,1,2004,8.1,16.8,0.484,1.6,5,0.318,6.5,11.8,0.556,0.532,5.5,6.6,0.822,1.8,5.6,7.3,5.7,1.2,0.3,2.8,3.1,23.3,"",0,"Top 10"
7,"Jabari Smith Jr.",22,"HOU","West","Southwest","PF","PF",57,57,1,1985,5.8,12.8,0.455,2.3,6.3,0.368,3.5,6.5,0.541,0.546,2,2.7,0.769,1.5,5.5,7.1,1.8,0.8,1,1.3,2.6,16,"",0,"Top 10"
8,"Desmond Bane",27,"ORL","East","Southeast","SG","SG",58,58,1,1979,7.8,16,0.486,2.2,5.7,0.391,5.6,10.4,0.538,0.555,3.7,4,0.914,1.3,3.1,4.4,4.3,1,0.5,2.2,3.3,21.4,"",0,"Top 10"
9,"Scottie Barnes",24,"TOR","East","Atlantic","PF","PF",57,57,1,1953,7.8,15.7,0.5,0.9,3.2,0.292,6.9,12.5,0.552,0.529,3.4,4.2,0.824,2.2,6.5,8.7,5.8,1.4,1.7,2.9,3,20,"AS",1,"Top 10"
10,"DeMar DeRozan",36,"SAC","West","Pacific","PF","PF",61,61,1,1945,7.2,14.7,0.492,0.8,2.3,0.333,6.5,12.4,0.522,0.518,5.6,6.4,0.867,0.5,2.9,3.4,4.4,1.3,0.3,1.2,2.3,20.7,"",0,"Top 10"
11,"VJ Edgecombe",20,"PHI","East","Atlantic","SG","SG",55,55,1,1943,5.8,13.5,0.431,2.1,5.8,0.36,3.7,7.6,0.485,0.509,1.9,2.4,0.808,1.6,4.1,5.7,4,1.5,0.5,1.9,3.1,15.6,"",0,NA
12,"Brandon Ingram",28,"TOR","East","Atlantic","SF","SF",57,57,1,1939,8.6,18.3,0.47,1.9,5.2,0.368,6.7,13.1,0.511,0.522,4,4.8,0.829,0.9,5.3,6.1,4,0.8,0.8,2.6,2.1,23.1,"AS",1,NA
13,"Dyson Daniels",22,"ATL","East","Southeast","SG","SG",58,58,1,1937,5.5,11,0.497,0.2,1.6,0.129,5.3,9.4,0.559,0.507,1.1,1.8,0.598,2.4,4.7,7,6.7,2.1,0.4,2,2.4,12.2,"",0,NA
14,"Nickeil Alexander-Walker",27,"ATL","East","Southeast","SG","SG",58,51,0.879,1925,7.3,16.8,0.431,3.3,8.8,0.373,4,8,0.495,0.529,3.7,4.2,0.888,0.6,3.2,3.9,4.1,1.3,0.6,2.3,2.3,21.5,"",0,NA
15,"Derrick White",31,"BOS","East","Atlantic","SG","SG",56,56,1,1922,6.3,16,0.391,3,9.2,0.324,3.3,6.8,0.481,0.484,2.5,2.8,0.893,1.2,3.5,4.7,5.9,1.2,1.6,1.9,1.6,18,"",0,NA
16,"Jalen Johnson",24,"ATL","East","Southeast","SF","SF",54,54,1,1901,8.7,17.6,0.494,1.6,4.7,0.343,7.1,12.9,0.549,0.54,4.5,5.8,0.783,1.6,9.3,10.9,8.1,1.3,0.5,3.5,2.2,23.5,"AS",1,NA
17,"Kon Knueppel",20,"CHO",NA,NA,"SF","SF",59,58,0.983,1884,7.5,15.3,0.491,4,9,0.442,3.5,6.3,0.561,0.621,2.9,3.2,0.893,1.4,4.8,6.1,3.9,0.8,0.3,2.4,2.4,21.9,"",0,NA
18,"Jamal Murray",28,"DEN","West","Northwest","PG","PG",54,54,1,1882,9.1,18.8,0.483,3.2,7.6,0.421,5.9,11.2,0.525,0.568,4.5,5.1,0.884,0.4,4.1,4.5,7.6,1,0.4,2.4,1.6,25.9,"AS",1,NA
19,"Jalen Brunson",29,"NYK","East","Atlantic","PG","PG",54,54,1,1874,9.8,21,0.468,2.9,7.9,0.372,6.9,13.1,0.526,0.538,5.1,6.1,0.844,0.5,3,3.5,6.4,0.7,0.1,2.4,2.5,27.7,"AS",1,NA
20,"Jaden McDaniels",25,"MIN","West","Northwest","PF","PF",58,58,1,1871,6.4,12.3,0.518,1.7,3.8,0.449,4.7,8.5,0.549,0.588,2.4,2.8,0.845,1.3,3.7,5,3.2,1.2,1.2,2,3.8,16.9,"",0,NA
21,"Donte DiVincenzo",29,"MIN","West","Northwest","SG","SG",60,60,1,1867,5.1,12.1,0.419,3.6,9.2,0.391,1.5,2.9,0.51,0.568,1.2,1.6,0.759,1.2,4,5.1,4.9,1.6,0.5,1.8,3,14.9,"",0,NA
22,"Payton Pritchard",28,"BOS","East","Atlantic","PG","PG",57,48,0.842,1865,7.1,15.3,0.462,2.9,7.9,0.363,4.2,7.4,0.566,0.555,1.9,2.2,0.866,1,3.7,4.6,5.9,0.9,0.1,1.4,1.6,18.9,"",0,NA
23,"Trey Murphy III",25,"NOP","West","Southwest","SF","SF",52,52,1,1853,7.8,16.5,0.476,3.3,8.6,0.378,4.6,7.8,0.586,0.575,3.4,3.8,0.892,1.1,4.7,5.8,3.9,1.5,0.3,1.8,2.1,22.3,"",0,NA
24,"Donovan Mitchell",29,"CLE","East","Central","SG","SG",55,55,1,1840,10.7,22.1,0.483,3.7,10.1,0.369,6.9,12,0.578,0.567,5.6,6.6,0.852,0.8,4,4.8,6.3,1.7,0.3,3.3,2.6,30.7,"AS",1,NA
25,"Immanuel Quickley",26,"TOR","East","Atlantic","PG","PG",56,56,1,1818,6.7,14.9,0.449,3,7.8,0.382,3.7,7,0.522,0.549,2.8,3.5,0.803,0.6,4.1,4.7,6.6,1.3,0.1,1.8,2.3,19.2,"",0,NA
26,"Anthony Black",22,"ORL","East","Southeast","PG","PG",58,38,0.655,1815,6.5,14.4,0.454,1.9,5.6,0.343,4.6,8.8,0.525,0.521,3.1,4.2,0.735,0.8,3.7,4.5,4.5,1.6,0.8,2.5,3.1,18,"",0,NA
27,"Rudy Gobert",33,"MIN","West","Northwest","C","C",57,57,1,1792,5.1,7.2,0.708,0,0.1,0,5.1,7.2,0.714,0.708,2.4,4.7,0.502,4.4,8.6,13.1,1.9,0.8,1.9,1.6,3.1,12.6,"",0,NA
28,"James Harden",36,"2TM",NA,NA,"PG","PG",51,51,1,1784,7.4,17.3,0.427,3.1,8.7,0.36,4.3,8.6,0.493,0.517,7.3,8.2,0.899,0.7,4.3,4.9,8.4,1.3,0.4,3.7,2.1,25.2,"",0,NA
28,"James Harden",36,"LAC","West","Pacific","PG","PG",44,44,1,1559,7.5,17.8,0.419,3.1,9,0.347,4.3,8.8,0.492,0.506,7.8,8.6,0.901,0.6,4.3,4.9,8.3,1.3,0.4,3.7,1.9,25.8,"",0,NA
28,"James Harden",36,"CLE","East","Central","PG","PG",7,7,1,225,6.9,13.9,0.494,3.2,6.6,0.488,3.7,7.4,0.5,0.609,4.2,4.8,0.867,1,4.2,5.1,9,1,0.8,3.7,3.2,21.1,"",0,NA
29,"Jaylen Brown",29,"BOS","East","Atlantic","SF","SF",52,52,1,1782,11.3,23.7,0.479,2.1,6.3,0.341,9.2,17.4,0.528,0.524,5.8,7.4,0.779,1.2,6.3,7.5,5.1,1.1,0.5,3.8,2.9,30.6,"AS",1,NA
30,"Cade Cunningham",24,"DET","East","Central","PG","PG",51,51,1,1782,9.2,20.1,0.459,2.1,6.1,0.339,7.1,13.9,0.512,0.511,5.7,7,0.812,1,4.9,5.9,10.1,1.5,1,3.8,3.3,26.2,"AS",1,NA
31,"Anthony Edwards",24,"MIN","West","Northwest","SG","SG",50,50,1,1778,10.4,21.1,0.493,3.4,8.6,0.399,6.9,12.4,0.559,0.575,5.8,7.3,0.789,0.7,4.6,5.3,3.7,1.4,0.8,2.9,1.8,30,"AS",1,NA
32,"Ryan Rollins",23,"MIL","East","Central","PG","PG",55,50,0.909,1772,7.4,15.7,0.47,2.8,6.6,0.418,4.6,9.1,0.507,0.558,1.7,2.3,0.766,0.9,4.2,5.1,6.1,1.7,0.5,2.8,3,19.2,"",0,NA
33,"Royce O'Neale",32,"PHO","West","Pacific","SF","SF",60,55,0.917,1761,4.3,10.3,0.417,3.4,8.3,0.402,0.9,1.9,0.484,0.581,0.4,0.6,0.7,1,5,6,3.5,1.4,0.4,1.8,2.8,12.4,"",0,NA
34,"Miles Bridges",27,"CHO",NA,NA,"PF","PF",55,55,1,1753,7.2,16.1,0.45,2.4,7.2,0.333,4.8,8.9,0.545,0.525,3.3,4,0.845,1.1,5.7,6.8,3.9,0.6,0.6,1.7,2,20.2,"",0,NA
35,"Pascal Siakam",31,"IND","East","Central","PF","PF",52,52,1,1752,9.6,19.8,0.483,2,5.2,0.373,7.6,14.6,0.523,0.533,4.4,6.4,0.682,1.6,5.6,7.2,4.2,1.2,0.5,2.4,2.6,25.5,"AS",1,NA
36,"Onyeka Okongwu",25,"ATL","East","Southeast","C","C",55,44,0.8,1733,6.7,14,0.48,2.3,6.1,0.377,4.4,7.9,0.559,0.562,2.5,3.2,0.783,2.2,6.8,8.9,3.7,1.2,1.2,2.2,3.9,18.2,"",0,NA
37,"Karl-Anthony Towns",30,"NYK","East","Atlantic","C","C",55,55,1,1723,7.6,16,0.477,1.9,5.1,0.367,5.7,10.9,0.529,0.536,5.8,6.8,0.855,3.5,9.9,13.4,3.3,1,0.7,2.9,4,22.9,"AS",1,NA
38,"Alperen Şengün",23,"HOU","West","Southwest","C","C",51,51,1,1720,8.5,17,0.5,0.6,2,0.295,7.9,15,0.527,0.517,4.2,6,0.693,3.3,6.5,9.8,6.8,1.4,1.2,3.4,3.4,21.7,"AS",1,NA
39,"Matas Buzelis",21,"CHI","East","Central","PF","PF",60,60,1,1711,6.9,14.7,0.471,2.7,7.3,0.364,4.3,7.4,0.577,0.562,2.9,3.7,0.773,1.3,5.6,6.9,2.6,0.9,1.9,2.5,3.1,19.4,"",0,NA
40,"Naji Marshall",28,"DAL","West","Southwest","SF","SF",57,33,0.579,1705,6.9,13,0.533,1,3.5,0.297,5.9,9.5,0.619,0.572,3.9,5.1,0.76,1.1,4.9,6,3.7,1.3,0.1,1.7,2.3,18.7,"",0,NA
41,"Collin Gillespie",26,"PHO","West","Pacific","PG","PG",59,40,0.678,1694,5.9,13.7,0.433,3.8,9.1,0.423,2.1,4.6,0.454,0.574,1.3,1.5,0.845,1.3,3.9,5.1,5.9,1.7,0.3,2.1,2,17,"",0,NA
42,"Andrew Wiggins",30,"MIA","East","Southeast","SF","SF",54,54,1,1684,7,14.8,0.475,2.4,5.8,0.408,4.7,9,0.519,0.556,2.2,2.8,0.78,2.1,3.8,5.9,3.2,1.3,1.1,1.9,2.6,18.6,"",0,NA
43,"CJ McCollum",34,"2TM",NA,NA,"PG","PG",56,40,0.714,1676,8.2,18.3,0.452,3.1,8.2,0.379,5.2,10.1,0.511,0.536,2.9,3.8,0.778,0.9,3.3,4.1,4.2,0.9,0.5,2.1,2.2,22.5,"",0,NA
43,"CJ McCollum",34,"WAS","East","Southeast","SG","SG",35,35,1,1082,8,17.6,0.454,3.2,8.1,0.393,4.8,9.5,0.505,0.544,2.7,3.4,0.804,0.8,3.4,4.1,4.2,0.8,0.3,1.9,2.4,21.9,"",0,NA
44,"Paolo Banchero",23,"ORL","East","Southeast","PF","PF",48,48,1,1673,7.5,16.6,0.451,1.2,3.9,0.311,6.3,12.8,0.494,0.488,6.2,8.1,0.771,1.1,7.6,8.7,5.2,0.7,0.7,2.9,2,22.4,"",0,NA
45,"Cooper Flagg",19,"DAL","West","Southwest","SF","SF",49,49,1,1669,8.2,17,0.482,1.1,3.7,0.302,7.1,13.3,0.532,0.515,4,5,0.804,1.2,5.7,6.9,4.4,1.3,0.8,2.3,2.3,21.5,"",0,NA
46,"Wendell Carter Jr.",26,"ORL","East","Southeast","C","C",56,56,1,1661,5.1,10.2,0.497,1.3,3.9,0.322,3.8,6.3,0.605,0.558,2.7,3.4,0.792,2.6,6.6,9.2,2.5,0.9,0.8,1.5,4.3,14.1,"",0,NA
47,"Nikola Vučević",35,"2TM",NA,NA,"C","C",55,48,0.873,1649,7.9,15.8,0.499,1.9,5.2,0.368,6,10.6,0.563,0.559,1.5,1.8,0.817,2.5,8.1,10.6,4.2,0.8,0.8,1.7,2.4,19.2,"",0,NA
47,"Nikola Vučević",35,"CHI","East","Central","C","C",48,48,1,1480,8.1,16.1,0.505,2,5.3,0.376,6.1,10.8,0.568,0.567,1.5,1.8,0.838,2.4,8.1,10.5,4.4,0.8,0.8,1.7,2.4,19.7,"",0,NA
48,"Julian Champagnie",24,"SAS","West","Southwest","SF","SF",59,45,0.763,1646,4.7,10.9,0.433,3.2,8.4,0.382,1.5,2.6,0.598,0.579,2,2.4,0.852,1.1,6.4,7.5,1.9,1,0.6,1.1,2,14.7,"",0,NA
49,"Luka Dončić",26,"LAL","West","Pacific","PG","PG",46,46,1,1640,10.5,22.3,0.47,3.7,10.4,0.357,6.8,11.9,0.569,0.553,8.4,10.8,0.773,0.7,7.1,7.8,8.7,1.4,0.5,4.1,2.5,33,"AS",1,NA
50,"Shai Gilgeous-Alexander",27,"OKC","West","Northwest","PG","PG",49,49,1,1632,11.8,21.3,0.554,1.9,4.9,0.39,9.9,16.3,0.603,0.599,8.9,10,0.892,0.6,4.2,4.8,6.9,1.4,0.8,2.3,2.2,34.4,"AS",1,NA
51,"Keyonte George",22,"UTA","West","Northwest","PG","PG",48,48,1,1629,7.9,17.3,0.458,2.7,7.1,0.375,5.3,10.2,0.515,0.535,6.7,7.5,0.894,0.5,3.6,4.1,6.9,1.1,0.3,3.5,2.5,25.2,"",0,NA
52,"Bam Adebayo",28,"MIA","East","Southeast","C","C",52,52,1,1628,7.6,16.9,0.447,1.9,5.6,0.339,5.7,11.3,0.501,0.503,4.2,5.5,0.771,2.3,9,11.3,3.3,1.1,0.8,2,1.9,21.3,"",0,NA
53,"Saddiq Bey",26,"NOP","West","Southwest","SF","SF",53,45,0.849,1622,6.9,15.2,0.455,2.3,6.6,0.355,4.6,8.6,0.532,0.532,4.1,4.7,0.86,1.9,4.9,6.8,3,1.1,0.1,1,1.4,20.3,"",0,NA
54,"Russell Westbrook",37,"SAC","West","Pacific","SF","SF",56,50,0.893,1617,7.1,16.4,0.431,2.5,7.4,0.338,4.5,8.9,0.507,0.507,2.4,3.4,0.706,1.6,5.2,6.8,7.9,1.6,0.2,4.3,3,19,"",0,NA
55,"Kris Dunn",31,"LAC","West","Pacific","PG","PG",58,52,0.897,1613,3.8,7.9,0.483,1.3,3.5,0.369,2.5,4.4,0.573,0.565,1.3,1.6,0.781,1,3,4,4.6,1.9,0.2,1.8,3.1,10.2,"",0,NA
56,"Bub Carrington",20,"WAS","East","Southeast","PG","PG",58,29,0.5,1611,4.4,11.3,0.393,2.6,6.7,0.381,1.9,4.6,0.41,0.506,1.2,1.7,0.733,0.6,4.2,4.8,5.9,0.8,0.3,3.1,2.9,12.7,"",0,NA
57,"Deni Avdija",25,"POR","West","Northwest","SF","SF",48,48,1,1608,8,17.4,0.463,2.3,6.7,0.341,5.8,10.7,0.54,0.529,7.9,9.9,0.8,1.2,6.4,7.6,7.1,0.9,0.6,4.1,2.8,26.3,"AS",1,NA
59,"A.J. Green",26,"MIL","East","Central","SG","SG",53,53,1,1601,4,9.4,0.432,3.6,8.4,0.425,0.5,1,0.488,0.622,0.7,0.8,0.806,0.3,2.8,3.1,2.5,0.7,0.1,1,2.9,12.3,"",0,NA
60,"Harrison Barnes",33,"SAS","West","Southwest","PF","PF",59,49,0.831,1594,4.7,10.6,0.443,2.5,6.6,0.374,2.2,4,0.557,0.56,1.9,2.2,0.845,1.2,2.7,3.9,2.8,0.9,0.2,1.2,1.6,13.7,"",0,NA
61,"De'Aaron Fox",28,"SAS","West","Southwest","PG","PG",50,50,1,1580,8.1,16.7,0.484,2.2,6.3,0.351,5.9,10.4,0.563,0.55,3.3,4.3,0.766,0.6,3.7,4.3,7,1.4,0.3,2.7,2.6,21.7,"AS",1,NA
64,"Max Christie",22,"DAL","West","Southwest","SG","SG",53,44,0.83,1570,5.5,11.9,0.465,2.9,6.9,0.422,2.6,4.9,0.526,0.589,2.1,2.4,0.874,0.3,3.9,4.2,2.7,0.6,0.4,1.4,1.8,16.1,"",0,NA
66,"Nic Claxton",26,"BRK","East","Atlantic","C","C",53,52,0.981,1551,6.4,10.7,0.592,0.1,0.4,0.188,6.3,10.4,0.606,0.595,2.7,4.5,0.611,3.1,5.8,8.9,5,0.9,1.5,1.7,3,15.5,"",0,NA
68,"Cason Wallace",22,"OKC","West","Northwest","SG","SG",57,47,0.825,1547,4.5,10.4,0.434,1.9,5.3,0.36,2.6,5.1,0.511,0.526,0.8,1.1,0.75,1.2,3,4.2,3.4,2.7,0.3,1.3,2.7,11.8,"",0,NA
69,"Duncan Robinson",31,"DET","East","Central","SF","SF",55,55,1,1539,5.3,12.2,0.437,3.8,9.5,0.4,1.5,2.7,0.57,0.593,1.4,1.9,0.763,0.5,2.9,3.4,2.5,0.8,0.4,0.9,2.7,15.9,"",0,NA
70,"Jeremiah Fears",19,"NOP","West","Southwest","PG","PG",60,44,0.733,1532,7,16.5,0.425,1.5,4.6,0.318,5.5,11.9,0.465,0.469,3,3.8,0.783,1,4.2,5.2,4.5,1.8,0.4,3.1,2.5,18.4,"",0,NA
71,"Jake LaRavia",24,"LAL","West","Pacific","PF","PF",58,33,0.569,1532,4.4,9.4,0.468,1.5,4.6,0.328,2.9,4.9,0.599,0.547,2.2,2.8,0.773,1.9,3.5,5.4,2.5,1.7,0.7,1.5,3.1,12.5,"",0,NA
72,"Dillon Brooks",30,"PHO","West","Pacific","SF","SF",50,50,1,1530,9,20.5,0.44,2.8,8,0.343,6.3,12.5,0.502,0.507,3.8,4.4,0.856,0.9,3.4,4.3,2.1,1.2,0.2,2.1,3.9,24.6,"",0,NA
73,"Chet Holmgren",23,"OKC","West","Northwest","PF","PF",52,52,1,1520,7.8,14.1,0.552,1.5,4.3,0.352,6.3,9.8,0.64,0.606,4.1,5.2,0.789,2.3,8.5,10.8,2.1,0.6,2.4,1.9,2.9,21.2,"AS",1,NA
74,"Derik Queen",21,"NOP","West","Southwest","C","C",59,45,0.763,1518,6.5,13.3,0.488,0.4,1.4,0.271,6.1,11.9,0.513,0.502,3.6,4.6,0.77,2.4,7.8,10.2,5.6,1.4,1.3,3.3,4,17,"",0,NA
75,"Donovan Clingan",21,"POR","West","Northwest","C","C",55,55,1,1518,6,11.3,0.531,1.4,4.2,0.337,4.6,7.1,0.643,0.593,2.1,3.2,0.667,6,9,15.1,2.8,0.7,1.9,1.5,2.9,15.5,"",0,NA
76,"Michael Porter Jr.",27,"BRK","East","Atlantic","SF","SF",46,46,1,1509,9.5,20.3,0.47,3.8,10.2,0.369,5.7,10,0.572,0.563,4.2,4.8,0.861,1.5,6.4,7.8,3.5,1.1,0.3,2.6,2.4,27,"",0,NA
77,"Jaylon Tyson",23,"CLE","East","Central","SG","SG",55,36,0.655,1507,6.7,13.4,0.503,2.6,5.7,0.456,4.1,7.6,0.538,0.6,1.7,2.2,0.772,2.6,4.6,7.1,2.9,1.1,0.5,2,3.3,17.7,"",0,NA
78,"Peyton Watson",23,"DEN","West","Northwest","SF","SF",49,39,0.796,1502,6.3,12.8,0.496,1.8,4.3,0.417,4.5,8.4,0.537,0.567,3.1,4.2,0.727,1.1,4.7,5.8,2.3,1.2,1.4,2.1,2.9,17.5,"",0,NA
79,"Jaylen Wells",22,"MEM","West","Southwest","SG","SG",56,56,1,1501,5.7,13.6,0.42,2.4,7,0.34,3.4,6.7,0.504,0.507,2.6,3.4,0.775,1.2,3.3,4.5,2.3,1.1,0.2,1.6,2.9,16.5,"",0,NA
80,"Myles Turner",29,"MIL","East","Central","C","C",53,53,1,1495,5.4,12.2,0.445,2.7,7.1,0.384,2.7,5.2,0.528,0.556,2.5,3.3,0.75,1.5,5.6,7.2,2,0.9,2.1,1.4,3.3,16.1,"",0,NA
81,"OG Anunoby",28,"NYK","East","Atlantic","PF","PF",45,45,1,1493,6.2,13.2,0.467,2.1,6.1,0.349,4,7.1,0.57,0.548,2.9,3.6,0.795,1.5,4.3,5.8,2.5,1.9,0.8,2.1,2.7,17.4,"",0,NA
82,"Andrew Nembhard",26,"IND","East","Central","PG","PG",47,47,1,1489,6.9,15.6,0.441,2.2,6.1,0.369,4.6,9.5,0.487,0.513,3.8,4.6,0.821,0.5,2.7,3.2,8.4,1,0.2,2.9,2.5,19.8,"",0,NA
83,"Noah Clowney",21,"BRK","East","Atlantic","PF","PF",52,46,0.885,1475,5,12.6,0.398,2.7,8.1,0.331,2.3,4.5,0.516,0.504,3.6,4.6,0.793,1.2,4.1,5.3,2.2,1,0.9,2.1,3.5,16.4,"",0,NA
84,"John Collins",28,"LAC","West","Pacific","PF","PF",53,44,0.83,1474,7,12.4,0.565,1.8,4.2,0.427,5.2,8.2,0.636,0.637,2.1,2.6,0.778,1.8,4.9,6.7,1.2,1.1,1.1,1.8,3.5,17.8,"",0,NA
86,"Nikola Jokić",30,"DEN","West","Northwest","C","C",43,43,1,1472,10.6,18.4,0.577,2.1,5.1,0.413,8.5,13.3,0.64,0.634,6.9,8.4,0.83,3.3,9.9,13.2,11,1.5,0.8,3.9,2.9,30.3,"AS",1,NA
87,"Norman Powell",32,"MIA","East","Southeast","SG","SG",49,49,1,1470,9,19,0.473,3.4,8.7,0.39,5.6,10.3,0.543,0.563,5.6,6.8,0.827,0.4,3.9,4.4,3.1,1.4,0.3,2.4,2.6,27,"AS",1,NA
88,"Evan Mobley",24,"CLE","East","Central","PF","PF",45,43,0.956,1470,7.5,14.6,0.514,1.2,4,0.305,6.3,10.6,0.594,0.556,3.1,4.9,0.635,2.5,7,9.5,4.3,1,2,2.3,2.8,19.3,"",0,NA
89,"Devin Booker",29,"PHO","West","Pacific","SG","SG",44,44,1,1467,8.8,19.3,0.454,1.8,5.9,0.308,7,13.4,0.518,0.501,7.3,8.5,0.861,0.9,3.4,4.2,6.6,1,0.3,3.5,2.9,26.7,"AS",1,NA
90,"Stephon Castle",21,"SAS","West","Southwest","PG","PG",49,48,0.98,1456,6.9,14.7,0.467,1.3,4.3,0.293,5.6,10.4,0.539,0.51,5.1,7,0.725,1.5,4.5,6,8.3,1.6,0.4,4,4,20.1,"",0,NA
92,"Jaren Jackson Jr.",26,"2TM",NA,NA,"C","C",48,48,1,1454,8.5,17.8,0.476,2.1,5.8,0.357,6.4,12,0.533,0.534,4,5,0.803,1,5.7,6.7,2.3,1.3,1.7,2.6,4.4,23.1,"",0,NA
92,"Jaren Jackson Jr.",26,"MEM","West","Southwest","C","C",45,45,1,1382,8.3,17.5,0.475,2.1,5.7,0.359,6.2,11.7,0.531,0.534,3.9,4.9,0.797,1.1,5.7,6.7,2.2,1.2,1.8,2.6,4.4,22.5,"",0,NA
92,"Jaren Jackson Jr.",26,"UTA","West","Northwest","C","C",3,3,1,72,12,24.5,0.49,2.5,7.5,0.333,9.5,17,0.559,0.541,7,8,0.875,0.5,6,6.5,4,3,0.5,3.5,4.5,33.5,"",0,NA
93,"Moses Moody",23,"GSW","West","Pacific","SG","SG",57,46,0.807,1451,5.7,12.8,0.446,3.5,8.6,0.405,2.2,4.1,0.53,0.583,2.1,2.7,0.771,1.2,3.5,4.7,2.3,1.3,0.8,1.3,2.8,16.9,"",0,NA
94,"Lauri Markkanen",28,"UTA","West","Northwest","PF","PF",42,42,1,1443,9.6,20.1,0.477,2.9,8.1,0.355,6.7,12,0.559,0.548,6,6.7,0.896,2.1,5.1,7.2,2.2,1,0.5,1.6,1.9,28,"",0,NA
96,"Kawhi Leonard",34,"LAC","West","Pacific","SF","SF",44,44,1,1441,10.7,21.7,0.494,2.9,7.7,0.381,7.8,14.1,0.556,0.561,6.4,7.1,0.905,1.1,5.9,7,4.1,2.2,0.6,2.4,1.4,30.8,"AS",1,NA
97,"Shaedon Sharpe",22,"POR","West","Northwest","SG","SG",48,42,0.875,1439,9.7,21.2,0.456,2.5,7.4,0.34,7.1,13.8,0.518,0.515,3.8,4.9,0.784,1.2,4.1,5.3,3.2,1.7,0.2,3.6,2.4,25.6,"",0,NA
98,"Kyle Kuzma",30,"MIL","East","Central","PF","PF",54,30,0.556,1436,6.6,13.8,0.479,1.5,4.4,0.335,5.1,9.4,0.547,0.533,2.8,3.9,0.724,1.3,5.4,6.6,3.4,0.9,0.5,2.1,2.7,17.5,"",0,NA
99,"Josh Hart",30,"NYK","East","Atlantic","SF","SF",47,33,0.702,1428,5.3,10.7,0.494,1.8,4.5,0.397,3.5,6.2,0.565,0.578,1.7,2.3,0.725,1.7,7.2,8.8,6.2,1.3,0.4,2.4,2.9,14,"",0,NA
101,"Davion Mitchell",27,"MIA","East","Southeast","PG","PG",49,49,1,1408,4.3,9.2,0.472,1.5,3.7,0.41,2.8,5.5,0.514,0.554,0.9,1.4,0.66,0.5,2.8,3.2,8.7,1.4,0.2,2.1,3.4,11.1,"",0,NA
102,"Deandre Ayton",27,"LAL","West","Pacific","C","C",50,50,1,1406,7.5,11.3,0.665,0,0,NA,7.5,11.3,0.665,0.665,1.6,2.3,0.678,3.2,7.6,10.8,1.1,0.8,1.2,1.7,3,16.6,"",0,NA
103,"Devin Vassell",25,"SAS","West","Southwest","SG","SG",46,44,0.957,1406,6.1,13.9,0.438,3,7.8,0.383,3.1,6.1,0.508,0.545,1.8,2.1,0.841,0.6,3.9,4.5,2.8,1,0.5,1.1,1.9,16.9,"",0,NA
104,"Rui Hachimura",27,"LAL","West","Pacific","PF","PF",47,31,0.66,1387,5.6,11.1,0.506,2.2,5,0.44,3.4,6.1,0.559,0.604,0.9,1.3,0.735,0.7,3.4,4.1,1.1,0.7,0.4,0.9,1.9,14.3,"",0,NA
106,"Ace Bailey",19,"UTA","West","Northwest","SF","SF",52,41,0.788,1380,6.6,14.7,0.448,2,6.1,0.332,4.6,8.6,0.529,0.516,1,1.4,0.722,2.2,3.2,5.4,2.3,1.1,0.7,1.7,3.5,16.2,"",0,NA
107,"Neemias Queta",26,"BOS","East","Atlantic","C","C",55,54,0.982,1378,6,9.3,0.639,0,0.2,0,6,9.2,0.65,0.639,2.2,3.2,0.689,4.3,7.7,11.9,2.2,1.2,1.9,1.6,4,14.1,"",0,NA
108,"LaMelo Ball",24,"CHO",NA,NA,"PG","PG",50,47,0.94,1377,8.9,22,0.403,4.6,12.5,0.366,4.3,9.5,0.452,0.507,3,3.3,0.898,1,5.2,6.3,9.6,1.4,0.3,3.8,3.3,25.3,"",0,NA
109,"Luguentz Dort",26,"OKC","West","Northwest","SF","SF",49,49,1,1373,4,10.3,0.389,2.5,7.1,0.346,1.5,3.1,0.487,0.509,0.8,1.1,0.762,1.1,3.7,4.8,1.7,1.2,0.6,1,3.7,11.3,"",0,NA
111,"Anfernee Simons",26,"CHI","East","Central","SG","SG",6,5,0.833,170,7.4,16.9,0.438,3.4,10.6,0.32,4,6.4,0.633,0.538,1.1,1.1,1,1.1,2.5,3.6,3.8,0,0.4,2.8,2.5,19.3,"",0,NA
112,"Ausar Thompson",23,"DET","East","Central","SF","SF",53,52,0.981,1370,5.9,11.5,0.511,0.2,0.6,0.286,5.7,10.9,0.523,0.518,2.3,3.9,0.577,3,5.2,8.1,4,2.7,1.1,2.1,3.8,14.1,"",0,NA
113,"Isaac Okoro",25,"CHI","East","Central","SG","SG",51,51,1,1357,4.5,9.8,0.459,1.6,4.6,0.337,2.9,5.2,0.569,0.539,1.9,2.3,0.807,1.6,2.2,3.8,2.1,0.9,0.6,0.9,3.2,12.5,"",0,NA
114,"Marcus Smart",31,"LAL","West","Pacific","SG","SG",48,41,0.854,1356,4,9.9,0.401,1.9,5.9,0.324,2,4,0.513,0.497,2.3,2.8,0.804,0.8,2.8,3.6,3.6,1.5,0.5,2,3.4,12.1,"",0,NA
115,"Kyshawn George",22,"WAS","East","Southeast","SF","SF",46,46,1,1354,6.5,14.8,0.436,2.5,6.7,0.371,4,8.1,0.49,0.52,2.7,3.3,0.808,1.1,5.3,6.4,5.6,1.2,1.1,3.3,4.4,18.1,"",0,NA
117,"LeBron James",41,"LAL","West","Pacific","SF","SF",40,40,1,1334,8.7,17.6,0.498,1.5,5,0.299,7.3,12.6,0.576,0.54,4.2,5.7,0.748,0.8,5.4,6.2,7.5,1.1,0.6,3.3,1.5,23.2,"AS",1,NA
119,"Ivica Zubac",28,"LAC","West","Pacific","C","C",43,42,0.977,1328,7.1,11.6,0.613,0,0,NA,7.1,11.6,0.613,0.613,2.5,3.6,0.705,4,8.8,12.8,2.6,0.4,1,2.2,2.8,16.8,"",0,NA
120,"Jarrett Allen",27,"CLE","East","Central","C","C",48,48,1,1321,7.8,12.3,0.633,0,0.3,0.1,7.7,12,0.645,0.634,4.2,5.8,0.735,3.4,7.8,11.3,2.5,1.3,1.2,1.8,2.3,19.8,"",0,NA
121,"Moussa Diabaté",24,"CHO",NA,NA,"C","C",52,26,0.5,1318,4.7,7.2,0.645,0,0.1,0.5,4.6,7.2,0.646,0.647,2.5,3.8,0.659,5.2,7,12.3,2.4,1,1.4,1.3,3.4,11.9,"",0,NA
122,"Zion Williamson",25,"NOP","West","Southwest","PF","PF",44,37,0.841,1317,9.8,16.8,0.585,0,0.1,0.25,9.8,16.7,0.588,0.586,6.6,9.3,0.714,2.7,4.5,7.2,4.2,1.3,0.7,2.6,2.8,26.3,"",0,NA
126,"Jalen Duren",22,"DET","East","Central","C","C",47,47,1,1307,9.3,14.6,0.636,0,0,NA,9.3,14.6,0.636,0.636,5,6.9,0.732,5,8.8,13.8,2.3,1.2,1,2.4,3.7,23.6,"AS",1,NA
127,"Victor Wembanyama",22,"SAS","West","Southwest","C","C",45,36,0.8,1307,10,20,0.501,2.1,6.2,0.347,7.9,13.8,0.571,0.555,7.2,8.8,0.815,2.5,11.3,13.8,3.6,1.2,3.5,3.1,3.4,29.4,"AS",1,NA
128,"Mark Williams",24,"PHO","West","Pacific","C","C",55,51,0.927,1300,7.1,11.2,0.635,0,0,1,7.1,11.2,0.635,0.637,3.4,4.3,0.771,4.7,7.5,12.3,1.6,1.4,1.4,1.6,3.4,17.7,"",0,NA
129,"P.J. Washington",27,"DAL","West","Southwest","PF","PF",42,39,0.929,1300,6.3,14,0.448,1.4,4.7,0.306,4.8,9.2,0.521,0.5,2.6,3.9,0.674,1.6,6.6,8.2,2.2,1.1,1.5,2.2,2.6,16.6,"",0,NA
130,"Brandon Miller",23,"CHO",NA,NA,"SF","SF",43,43,1,1292,8.6,20.2,0.426,3.7,10,0.372,4.9,10.2,0.478,0.518,4,4.6,0.884,1.3,4.3,5.6,4.1,1.3,1,3.5,3.3,25,"",0,NA
131,"Jerami Grant",31,"POR","West","Northwest","PF","PF",44,25,0.568,1290,7,15.9,0.444,2.8,7.3,0.383,4.2,8.6,0.495,0.532,6.2,7.5,0.829,1.2,3.2,4.4,2.8,0.8,0.8,2.5,3.1,23.1,"",0,NA
132,"Egor Dёmin",19,"BRK","East","Atlantic","PG","PG",51,44,0.863,1287,5,12.4,0.398,3.4,8.9,0.386,1.5,3.5,0.429,0.536,1.5,1.8,0.831,0.6,4,4.6,4.8,1.2,0.5,2.4,2.5,14.9,"",0,NA
134,"Maxime Raynaud",22,"SAC","West","Pacific","C","C",53,35,0.66,1281,6.5,11.8,0.552,0.3,1.2,0.25,6.2,10.6,0.588,0.565,2.1,2.6,0.777,2.9,7.6,10.4,1.7,0.7,0.7,1.4,3.5,15.4,"",0,NA
135,"Draymond Green",35,"GSW","West","Pacific","PF","PF",48,48,1,1279,4.2,10.2,0.41,2,6.2,0.32,2.2,3.9,0.554,0.508,1.2,1.6,0.707,1,6.6,7.7,6.9,1.1,0.9,3.6,4,11.5,"",0,NA
138,"Cedric Coward",22,"MEM","West","Southwest","SG","SG",48,35,0.729,1263,6.6,14.2,0.468,2,6,0.34,4.6,8.2,0.561,0.539,2.9,3.4,0.843,1.9,6.7,8.5,4,0.8,0.5,2.4,2.7,18.2,"",0,NA
140,"Terance Mann",29,"BRK","East","Atlantic","SG","SG",50,42,0.84,1245,4,8.8,0.461,1.3,3.6,0.365,2.7,5.1,0.528,0.536,1.6,2,0.8,1.6,3,4.6,4.7,1,0.3,1.7,3.5,11,"",0,NA
141,"Jock Landale",30,"MEM","West","Southwest","C","C",45,25,0.556,1060,6.8,13.2,0.514,1.7,4.4,0.38,5.1,8.8,0.581,0.577,2,3,0.674,4.8,5.1,9.9,2.5,0.8,0.7,1.6,3.5,17.3,"",0,NA
143,"Kel'el Ware",21,"MIA","East","Southeast","C","C",56,29,0.518,1230,7.4,14.1,0.526,1.9,4.7,0.404,5.5,9.4,0.587,0.593,1.8,2.3,0.779,5,10.2,15.2,0.9,1.2,1.6,1.3,2.5,18.5,"",0,NA
146,"Zach LaVine",30,"SAC","West","Pacific","SG","SG",39,37,0.949,1224,7.7,16.1,0.479,2.9,7.5,0.39,4.8,8.6,0.556,0.569,3.7,4.2,0.88,0.2,2.9,3.2,2.6,0.8,0.3,2.2,2.4,22,"",0,NA
148,"Stephen Curry",37,"GSW","West","Pacific","PG","PG",39,39,1,1222,10.3,21.9,0.468,5.2,13.2,0.391,5.1,8.7,0.584,0.585,5.6,6,0.931,0.5,3.6,4.1,5.6,1.3,0.5,3.3,2.2,31.3,"AS",1,NA
149,"Jay Huff",27,"IND","East","Central","C","C",60,36,0.6,1217,5.8,12.3,0.47,2.4,7.8,0.307,3.4,4.5,0.752,0.567,1.8,2.1,0.845,1.6,5.1,6.7,2.4,1,3.4,1.4,4.3,15.8,"",0,NA
150,"Josh Giddey",23,"CHI","East","Central","PG","PG",39,36,0.923,1215,7.1,15.5,0.457,2,5.3,0.367,5.1,10.2,0.504,0.52,4.4,5.7,0.763,1.4,7.9,9.2,9.7,1.1,0.4,4.1,1.9,20.5,"",0,NA
151,"Pelle Larsson",24,"MIA","East","Southeast","SG","SG",49,36,0.735,1213,5.3,10.7,0.499,1.3,4,0.326,4,6.7,0.602,0.56,2.9,3.8,0.766,1.2,3.7,5,4.9,1,0.4,1.8,2.8,14.9,"",0,NA
152,"Kelly Oubre Jr.",30,"PHI","East","Atlantic","SF","SF",37,32,0.865,1208,5.6,12,0.469,2.1,5.5,0.376,3.5,6.5,0.548,0.556,2.7,3.5,0.763,1,4.2,5.2,1.9,1.5,0.6,1.5,2.9,16,"",0,NA
155,"Jimmy Butler",36,"GSW","West","Pacific","SF","SF",38,38,1,1182,7.3,14.1,0.519,1,2.6,0.376,6.3,11.5,0.552,0.554,7.6,8.7,0.864,2.7,3.7,6.4,5.6,1.7,0.2,1.8,1.4,23.1,"",0,NA
157,"De'Andre Hunter",28,"2TM",NA,NA,"SF","SF",45,25,0.556,1176,6.4,15.3,0.415,2.3,7.5,0.305,4.1,7.8,0.522,0.49,3.8,4.4,0.867,0.9,4.7,5.7,2.8,0.9,0.2,2.3,3.4,18.8,"",0,NA
157,"De'Andre Hunter",28,"CLE","East","Central","SF","SF",43,23,0.535,1125,6.5,15.4,0.423,2.3,7.6,0.308,4.2,7.8,0.535,0.499,3.8,4.4,0.869,0.9,4.9,5.8,2.8,1,0.2,2.3,3.4,19.2,"",0,NA
157,"De'Andre Hunter",28,"SAC","West","Pacific","SF","SF",2,2,1,51,2.8,13.4,0.211,1.4,6.4,0.222,1.4,7.1,0.2,0.263,3.5,4.2,0.833,0.7,1.4,2.1,0.7,0,0,2.8,3.5,10.6,"",0,NA
158,"Spencer Jones",24,"DEN","West","Northwest","SF","SF",50,34,0.68,1171,3.3,6.5,0.505,1.6,3.8,0.415,1.7,2.7,0.629,0.625,0.9,1.4,0.617,1.7,3.3,5,1.3,1.3,0.7,0.8,4.3,9,"",0,NA
160,"Dominick Barlow",22,"PHI","East","Atlantic","PF","PF",48,41,0.854,1162,4.8,8.8,0.547,0.6,2,0.288,4.2,6.8,0.626,0.581,2,2.7,0.733,3.1,4,7.2,1.7,1.4,1,1.1,3,12.2,"",0,NA
161,"Alex Sarr",20,"WAS","East","Southeast","C","C",41,41,1,1156,8.9,17.9,0.496,1.2,3.7,0.336,7.6,14.2,0.537,0.53,2.9,4.2,0.691,3,6.9,9.9,3.6,1.1,2.6,2.2,2.6,21.9,"",0,NA
162,"Tobias Harris",33,"DET","East","Central","PF","PF",41,41,1,1149,6.1,13.6,0.447,1.7,5,0.344,4.4,8.6,0.507,0.51,2.9,3.3,0.867,1.2,5.5,6.7,3,1.1,0.3,1.4,2.2,16.7,"",0,NA
163,"Grayson Allen",30,"PHO","West","Pacific","SG","SG",38,26,0.684,1148,6.8,16.6,0.408,4,11.2,0.36,2.8,5.4,0.509,0.529,3.3,3.8,0.861,0.8,2.9,3.7,4.7,1.6,0.4,2,2.6,20.9,"",0,NA
164,"Zaccharie Risacher",20,"ATL","East","Southeast","SF","SF",47,45,0.957,1141,5.9,13.4,0.44,2.2,6.3,0.345,3.7,7.1,0.524,0.521,1.2,2.1,0.585,1.4,4,5.4,2,1.3,0.8,1.4,3.2,15.2,"",0,NA
167,"Precious Achiuwa",26,"SAC","West","Pacific","C","C",53,37,0.698,1123,5.9,11.3,0.517,0.6,2,0.328,5.2,9.4,0.556,0.545,1.3,2.5,0.532,3.6,6.3,9.9,2.1,1.6,1,1.3,2.9,13.7,"",0,NA
173,"Tre Johnson",19,"WAS","East","Southeast","SG","SG",45,27,0.6,1099,6.8,15.6,0.44,2.9,7.8,0.376,3.9,7.8,0.504,0.534,2.1,2.4,0.903,0.8,3.3,4,3.1,0.9,0.5,2.1,2.6,18.7,"",0,NA
174,"Svi Mykhailiuk",28,"UTA","West","Northwest","SF","SF",47,41,0.872,1097,5.2,10.8,0.477,2.8,7,0.399,2.4,3.8,0.621,0.606,0.8,0.9,0.923,1.1,2.7,3.8,2.9,0.8,0.1,1.2,2,13.9,"",0,NA
175,"Ryan Kalkbrenner",24,"CHO",NA,NA,"C","C",48,30,0.625,1096,5.4,7.1,0.759,0,0.1,0,5.4,7,0.766,0.759,2,2.9,0.69,4.1,5.4,9.5,1.2,0.9,2.3,1.6,2.5,12.7,"",0,NA
180,"Dean Wade",29,"CLE","East","Central","PF","PF",48,27,0.562,1087,3.2,7.5,0.427,2,5.4,0.36,1.2,2,0.607,0.558,0.9,1.3,0.711,1.4,5.3,6.7,2.5,1.3,0.7,0.5,2.5,9.2,"",0,NA
182,"Jusuf Nurkić",31,"UTA","West","Northwest","C","C",41,36,0.878,1083,6,11.9,0.503,0.8,2.4,0.352,5.2,9.5,0.54,0.538,2.1,3.8,0.549,3.5,10.6,14.1,6.5,1.7,0.7,3.4,4.5,14.9,"",0,NA
183,"Kevin Porter Jr.",25,"MIL","East","Central","PG","PG",32,30,0.938,1081,7,14.8,0.473,1.4,4.4,0.326,5.6,10.4,0.535,0.521,4,4.6,0.87,1,4.5,5.5,8.1,2.4,0.5,3.2,2.3,19.4,"",0,NA
184,"Josh Okogie",27,"HOU","West","Southwest","SG","SG",55,29,0.527,1079,3.5,7.9,0.439,1.7,4.4,0.397,1.7,3.5,0.491,0.549,1.1,1.9,0.596,2.1,3.1,5.2,1.6,1.7,0.4,1.2,2.9,9.8,"",0,NA
185,"Cameron Johnson",29,"DEN","West","Northwest","SF","SF",35,35,1,1077,4.6,10.2,0.457,2.2,5.2,0.42,2.4,4.9,0.497,0.566,2.2,2.6,0.844,0.9,3.4,4.3,2.7,0.8,0.3,1,2.6,13.7,"",0,NA
186,"Bennedict Mathurin",23,"2TM",NA,NA,"SF","SF",34,25,0.735,1077,6.4,15,0.428,2.1,6,0.35,4.3,9,0.48,0.498,5.8,6.7,0.874,1,5.2,6.3,2.8,0.9,0.2,2.6,3.3,20.8,"",0,NA
186,"Bennedict Mathurin",23,"IND","East","Central","SF","SF",28,24,0.857,891,6.3,14.5,0.433,2.3,6.3,0.372,3.9,8.2,0.48,0.514,5.2,5.9,0.884,0.9,5.2,6.1,2.5,0.7,0.2,2.6,3.1,20.1,"",0,NA
188,"Austin Reaves",27,"LAL","West","Pacific","SG","SG",32,26,0.812,1075,8.2,16.3,0.502,2.6,7.1,0.373,5.5,9.2,0.602,0.583,7.4,8.5,0.874,0.7,4.6,5.3,5.9,1.1,0.3,3.5,2.3,26.4,"",0,NA
190,"Herbert Jones",27,"NOP","West","Southwest","SF","SF",37,37,1,1069,4,10.5,0.386,1.7,5.6,0.297,2.4,4.9,0.486,0.465,1.3,1.6,0.813,1,3.2,4.3,3.4,2.1,0.6,1.7,4,11,"",0,NA
201,"RJ Barrett",25,"TOR","East","Atlantic","SF","SF",35,35,1,1032,7.8,16.8,0.468,2.1,6.1,0.341,5.8,10.6,0.541,0.53,4.1,5.8,0.707,1.1,5.5,6.6,4.3,1,0.3,2.1,3,21.9,"",0,NA
202,"Joel Embiid",31,"PHI","East","Atlantic","C","C",33,33,1,1029,10.4,21,0.495,1.5,4.6,0.318,8.9,16.4,0.545,0.53,8.5,9.9,0.858,2.3,6.4,8.7,4.5,0.7,1.2,3.4,2.4,30.7,"",0,NA
205,"Quinten Post",25,"GSW","West","Pacific","PF","PF",58,32,0.552,1002,5.9,13.5,0.435,3,8.8,0.341,2.9,4.7,0.611,0.546,1,1.3,0.8,2,6.3,8.4,2.9,0.9,1,1.6,4.1,15.8,"",0,NA
208,"Bilal Coulibaly",21,"WAS","East","Southeast","SG","SG",38,38,1,992,4.7,11.5,0.406,1.2,4.5,0.272,3.4,7,0.492,0.459,3.3,4.3,0.756,1.2,4.8,6,3.5,2,1.4,2,3.4,13.9,"",0,NA
209,"Aaron Nesmith",26,"IND","East","Central","SF","SF",33,30,0.909,991,5.2,13.5,0.386,2.8,7.5,0.367,2.5,6,0.41,0.488,2.7,3.2,0.82,1.5,4.1,5.6,2.5,0.8,0.7,1.7,3.2,15.9,"",0,NA
212,"Khris Middleton",34,"2TM",NA,NA,"SF","SF",40,38,0.95,975,5.9,13.2,0.444,1.5,4.4,0.342,4.4,8.8,0.496,0.501,2.9,3.4,0.859,1.5,4.5,6,4.7,1.1,0.3,2.5,3.6,16.2,"",0,NA
212,"Khris Middleton",34,"WAS","East","Southeast","SF","SF",34,34,1,827,5.7,13.1,0.433,1.4,4.3,0.333,4.2,8.7,0.483,0.488,2.5,3,0.841,1.3,4.5,5.8,4.8,1.1,0.4,2.5,3.7,15.3,"",0,NA
212,"Khris Middleton",34,"DAL","West","Southwest","SF","SF",6,4,0.667,148,7.1,14.1,0.5,1.9,5.1,0.381,5.1,9,0.568,0.569,5.1,5.6,0.913,2.4,4.6,7.1,4.1,1,0,2.7,2.7,21.2,"",0,NA
217,"Tari Eason",24,"HOU","West","Southwest","PF","PF",36,22,0.611,941,6,13.6,0.445,2.8,6.5,0.432,3.3,7.1,0.457,0.548,1,1.5,0.684,2.6,6,8.6,2.2,1.8,0.8,2.2,3.1,15.9,"",0,NA
225,"Sam Merrill",29,"CLE","East","Central","SG","SG",36,24,0.667,915,6.1,12.7,0.481,4.7,10.3,0.46,1.4,2.5,0.571,0.667,1.4,1.7,0.837,0.9,2.4,3.3,3.1,0.7,0.2,1.3,3.5,18.4,"",0,NA
226,"Jalen Suggs",24,"ORL","East","Southeast","PG","PG",35,34,0.971,913,6.6,15.1,0.438,2.6,8.1,0.327,4,7.1,0.564,0.525,2.9,3.4,0.839,0.9,4.4,5.4,7.3,2.7,1.1,3.5,3.7,18.8,"",0,NA
234,"Franz Wagner",24,"ORL","East","Southeast","SF","SF",28,26,0.929,891,8.3,17.3,0.479,1.7,4.6,0.365,6.6,12.6,0.521,0.528,5.8,7,0.828,1.7,4.8,6.5,4.1,1.2,0.4,1.9,2.5,24.1,"",0,NA
235,"Jrue Holiday",35,"POR","West","Northwest","PG","PG",31,29,0.935,883,7.3,16.3,0.449,2.9,7.9,0.361,4.4,8.4,0.532,0.536,2.2,2.7,0.815,2,3.8,5.7,8,1.5,0.1,3.5,2.1,19.6,"",0,NA
237,"Daniel Gafford",27,"DAL","West","Southwest","C","C",41,31,0.756,876,5.2,8.4,0.623,0,0,NA,5.2,8.4,0.623,0.623,3.1,4.2,0.752,3.6,7.2,10.8,1.6,1.4,2.2,2.1,4.6,13.6,"",0,NA
238,"Giannis Antetokounmpo",31,"MIL","East","Central","PF","PF",30,30,1,876,12.9,20,0.645,0.6,1.6,0.395,12.3,18.5,0.666,0.66,8.1,12.2,0.658,3.5,8.9,12.4,6.9,1.1,0.9,4.1,3.2,34.5,"AS",1,NA
239,"Coby White",25,"2TM",NA,NA,"SG","SG",31,26,0.839,875,7.3,16.9,0.434,3,8.9,0.343,4.3,8,0.536,0.524,5.2,6.5,0.799,0.3,4.3,4.6,6,0.9,0.1,3.7,3,22.9,"",0,NA
239,"Coby White",25,"CHI","East","Central","SG","SG",29,26,0.897,843,7.3,16.8,0.438,3.1,8.9,0.346,4.3,7.9,0.541,0.529,5.3,6.6,0.805,0.3,4.3,4.6,5.8,0.9,0.1,3.8,3,23.1,"",0,NA
240,"Andre Drummond",32,"PHI","East","Atlantic","C","C",44,22,0.5,868,4.9,9.8,0.5,0.8,2.3,0.364,4.1,7.5,0.541,0.542,1.8,2.9,0.623,6.2,9.6,15.8,1.7,1,1.6,1.8,3.6,12.4,"",0,NA
243,"Isaiah Hartenstein",27,"OKC","West","Northwest","C","C",33,32,0.97,848,6.3,9.8,0.645,0,0.2,0,6.3,9.6,0.659,0.645,2.3,3.7,0.628,4.7,8.7,13.3,4.9,1.4,1,2.8,3.8,14.9,"",0,NA
247,"Paul George",35,"PHI","East","Atlantic","PF","PF",27,27,1,824,6.6,15.5,0.424,2.9,7.6,0.382,3.7,7.9,0.464,0.517,2.8,3.3,0.855,0.6,5.5,6.1,4.4,1.7,0.6,1.9,2.6,18.8,"",0,NA
255,"Keegan Murray",25,"SAC","West","Pacific","PF","PF",23,22,0.957,793,5.7,13.6,0.42,1.4,5.1,0.277,4.3,8.5,0.505,0.472,1.7,2.2,0.776,1.5,4.5,6,1.7,1.1,1.6,1.2,1.9,14.6,"",0,NA
257,"Darius Garland",26,"CLE","East","Central","PG","PG",26,26,1,792,7.7,17.1,0.451,2.7,7.5,0.36,5,9.7,0.521,0.529,3.1,3.6,0.861,0.5,2.3,2.9,8.2,1,0.1,3.3,2.2,21.2,"",0,NA
267,"Jalen Williams",24,"OKC","West","Northwest","SG","SG",26,26,1,755,8.3,17.4,0.479,1,3.1,0.313,7.4,14.4,0.515,0.507,4.1,4.9,0.833,0.8,5,5.8,6.7,1.6,0.4,2.4,2.6,21.7,"",0,NA
285,"Christian Braun",24,"DEN","West","Northwest","SG","SG",23,23,1,700,4.5,9.2,0.494,0.8,2.9,0.281,3.7,6.2,0.595,0.539,2,2.6,0.765,1.9,3.5,5.3,3.4,0.8,0.4,1.4,2.8,11.9,"",0,NA
289,"Derrick Jones Jr.",28,"LAC","West","Pacific","SF","SF",26,21,0.808,682,5.4,10.3,0.526,1.7,4.6,0.368,3.7,5.8,0.651,0.607,2.1,2.8,0.755,1.2,2.5,3.7,1.8,1.2,1.5,1.1,2.7,14.7,"",0,NA
294,"Jaden Ivey",23,"CHI","East","Central","SG","SG",4,3,0.75,115,4.7,11.3,0.417,2.5,6.6,0.381,2.2,4.7,0.467,0.528,2.5,2.8,0.889,1.6,4.4,5.9,5,2.5,0.6,1.9,2.8,14.4,"",0,NA
297,"Johnny Furphy",21,"IND","East","Central","SG","SG",35,21,0.6,643,3.9,8.3,0.47,1.3,4,0.324,2.6,4.4,0.603,0.547,1,2,0.486,1.8,6.8,8.6,2.3,1.1,0.4,1.6,3.6,10.1,"",0,NA
299,"Aaron Gordon",30,"DEN","West","Northwest","PF","PF",23,20,0.87,642,7.8,15.3,0.509,2.4,5.9,0.4,5.4,9.4,0.577,0.586,4.8,6.1,0.789,1.7,6.3,8,3.3,0.9,0.2,1.3,2.1,22.8,"",0,NA
303,"Anthony Davis",32,"DAL","West","Southwest","PF","PF",20,20,1,626,9.7,19.2,0.506,0.6,2.1,0.27,9.1,17.1,0.535,0.521,3.4,4.7,0.728,3.6,9.1,12.7,3.2,1.3,1.9,2.4,2.4,23.4,"",0,NA
304,"Jakob Poeltl",30,"TOR","East","Atlantic","C","C",25,23,0.92,621,5.9,8.7,0.673,0,0,NA,5.9,8.7,0.673,0.673,2,3.1,0.63,3.8,6.8,10.6,2.9,1.1,0.8,2.1,4.3,13.7,"",0,NA
312,"Guerschon Yabusele",30,"CHI","East","Central","C","C",9,7,0.778,226,4.6,11.3,0.408,3,7.3,0.413,1.6,4,0.4,0.542,2.2,2.9,0.778,1.8,6.7,8.4,2.9,1,0.6,1.9,2.7,14.5,"",0,NA
316,"Ja Morant",26,"MEM","West","Southwest","PG","PG",20,20,1,569,8.4,20.4,0.41,1.3,5.4,0.235,7.1,15,0.473,0.441,6.6,7.4,0.897,0.5,3.6,4.1,10.2,1.3,0.4,4.5,2.5,24.6,"",0,NA
317,"Domantas Sabonis",29,"SAC","West","Pacific","C","C",19,15,0.789,564,7.7,14.1,0.543,0.3,1.7,0.185,7.3,12.4,0.593,0.554,3.6,4.9,0.727,4.1,9.7,13.8,5,1.1,0.3,3.3,4.2,19.2,"",0,NA
328,"Jonathan Kuminga",23,"2TM",NA,NA,"PF","PF",22,14,0.636,530,6.9,14.6,0.474,1.4,4.1,0.35,5.5,10.5,0.523,0.523,4.1,5.5,0.753,2.2,6.8,9,3.9,0.7,0.5,3.5,2.4,19.4,"",0,NA
328,"Jonathan Kuminga",23,"GSW","West","Pacific","PF","PF",20,13,0.65,476,6.7,14.7,0.454,1.3,4,0.321,5.4,10.7,0.504,0.497,3.7,5,0.742,2.2,6.7,8.8,3.8,0.6,0.5,3.5,2.5,18.3,"",0,NA
328,"Jonathan Kuminga",23,"ATL","East","Southeast","PF","PF",2,1,0.5,54,9.3,14,0.667,2.7,4.7,0.571,6.7,9.3,0.714,0.762,8,10,0.8,2.7,8,10.7,4.7,2,0.7,3.3,2,29.3,"",0,NA
341,"Kyle Anderson",32,"MEM","West","Southwest","SF","SF",4,3,0.75,89,6.1,7.7,0.789,0.4,0.4,1,5.7,7.3,0.778,0.816,2.4,3.2,0.75,1.2,4.4,5.7,1.2,2.4,1.6,2.8,4.9,15,"",0,NA
347,"Tyler Herro",26,"MIA","East","Southeast","SG","SG",15,10,0.667,453,9.4,19.5,0.482,2.7,7.5,0.362,6.7,12,0.556,0.551,3.8,4.2,0.906,0.6,4.8,5.3,4.1,1,0.5,2.1,2.1,25.3,"",0,NA
353,"Kristaps Porziņģis",30,"2TM",NA,NA,"C","C",18,12,0.667,430,8.5,18.3,0.461,2.8,7.6,0.363,5.7,10.7,0.531,0.537,5.7,6.8,0.84,1.8,5.6,7.4,3.9,0.8,1.9,1.5,4.5,25.4,"",0,NA
353,"Kristaps Porziņģis",30,"ATL","East","Southeast","C","C",17,12,0.706,413,8.4,18.3,0.457,2.7,7.5,0.36,5.7,10.8,0.524,0.531,5.9,7.1,0.84,1.8,5.8,7.6,4,0.8,1.9,1.4,4.7,25.4,"",0,NA
391,"Zach Edey",23,"MEM","West","Southwest","C","C",11,11,1,284,7.9,12.4,0.633,0.1,0.6,0.2,7.7,11.8,0.656,0.638,3.2,4.1,0.781,5.5,10,15.5,1.5,0.9,2.7,3.3,4.7,19,"",0,NA
392,"Trae Young",27,"ATL","East","Southeast","PG","PG",10,10,1,280,7.2,17.4,0.415,2.3,7.6,0.305,4.9,9.8,0.5,0.481,8.1,9.4,0.863,0,1.9,1.9,11.4,1.3,0.1,3.3,2.6,24.8,"",0,"Bottom 10"
405,"Jalen Green",23,"PHO","West","Pacific","SG","SG",12,7,0.583,242,8.8,24.4,0.36,3.3,11.8,0.278,5.5,12.6,0.435,0.427,2.2,3.1,0.714,1,4.2,5.2,3.9,1.9,0,3,1.8,23.1,"",0,"Bottom 10"
428,"Ty Jerome",28,"MEM","West","Southwest","SG","SG",8,8,1,168,11.1,21.6,0.515,4.5,10.9,0.412,6.6,10.7,0.62,0.619,6.9,7.9,0.865,1.3,3.4,4.7,9.6,2.1,0.4,3,3.6,33.6,"",0,"Bottom 10"
432,"Walker Kessler",24,"UTA","West","Northwest","C","C",5,5,1,154,6.1,8.6,0.703,1.4,1.9,0.75,4.7,6.8,0.69,0.784,3.3,4.7,0.7,5.4,7.2,12.6,3.5,1.6,2.1,3.7,5.1,16.8,"",0,"Bottom 10"
443,"Bradley Beal",32,"LAC","West","Pacific","SG","SG",6,6,1,121,5.4,14.3,0.375,2.1,5.7,0.368,3.3,8.6,0.379,0.448,1.8,2.4,0.75,0.6,0.9,1.5,3,0.9,0,2.7,4.2,14.6,"",0,"Bottom 10"
445,"Dereck Lively II",21,"DAL","West","Southwest","C","C",7,4,0.571,115,3.4,5.6,0.611,0,0,NA,3.4,5.6,0.611,0.611,2.5,3.1,0.8,4.4,7.2,11.6,4.1,1.3,3.4,3.1,6.6,9.4,"",0,"Bottom 10"
458,"DeAndre Jordan",37,"NOP","West","Southwest","C","C",5,4,0.8,90,4,5.2,0.769,0,0,NA,4,5.2,0.769,0.769,2,3.6,0.556,5.2,10.8,16,0.8,0.4,2.4,2.4,2.8,10,"",0,"Bottom 10"
485,"Dejounte Murray",29,"NOP","West","Southwest","PG","PG",2,2,1,51,7.1,16.2,0.435,2.1,7.8,0.273,4.9,8.5,0.583,0.5,4.9,4.9,1,0.7,2.8,3.5,8.5,3.5,0.7,7.8,3.5,21.2,"",0,"Bottom 10"
489,"Lawson Lovering",22,"MEM","West","Southwest","C","C",2,1,0.5,49,4.4,7.3,0.6,0,0,NA,4.4,7.3,0.6,0.6,1.5,3.7,0.4,4.4,6.6,11,2.2,2.2,0.7,1.5,5.1,10.3,"",0,"Bottom 10"
517,"Brandon Clarke",29,"MEM","West","Southwest","PF","PF",2,2,1,20,5.4,16.2,0.333,0,0,NA,5.4,16.2,0.333,0.333,3.6,7.2,0.5,7.2,3.6,10.8,1.8,3.6,0,0,9,14.4,"",0,"Bottom 10"
